{"cameraMode":{"drawMode":0,"name":"Shaded","section":"Shading Mode"},"sceneLighting":false,"audioPlay":false,"sceneViewState":{"m_AlwaysRefresh":false,"showFog":true,"showSkybox":true,"showFlares":true,"showImageEffects":true,"showParticleSystems":true,"showVisualEffectGraphs":true,"m_FxEnabled":true},"in2DMode":false,"pivot":{"x":0.6897454261779785,"y":-6.806868553161621,"z":17.870990753173829},"rotation":{"x":-0.21274591982364655,"y":0.0865115076303482,"z":-0.01890900731086731,"w":-0.9731014370918274},"size":17.226104736328126,"orthographic":false}